Cities,Cloudiness,Country,Date,Humidity,Lat,Lng,Max Temp,Wind Speed
Tuktoyaktuk,40,CA,1586369783,77,69.45,-133.04,1.4,8.05
Rikitea,51,PF,1586369730,81,-23.12,-134.97,76.89,11.77
Punta Arenas,6,CL,1586369774,55,-53.15,-70.92,66.2,12.75
Ushuaia,39,AR,1586369758,32,-54.8,-68.3,68.0,5.82
Oddur,37,SO,1586370027,43,4.12,43.89,84.83,13.11
Sinazongwe,11,ZM,1586370155,65,-17.26,27.46,74.79,5.55
Bredasdorp,99,ZA,1586369801,72,-34.53,20.04,60.8,13.87
Coahuayana Viejo,5,MX,1586369816,27,18.73,-103.68,87.8,5.23
Chiredzi,100,ZW,1586370155,61,-21.05,31.67,73.29,9.06
Ottumwa,1,US,1586370156,50,41.02,-92.41,78.8,6.93
Mataura,100,NZ,1586369780,90,-46.19,168.86,48.99,11.99
Port Elizabeth,97,ZA,1586369772,87,-33.92,25.57,60.8,5.82
Busselton,4,AU,1586369780,50,-33.65,115.33,61.0,8.32
Airai,96,TL,1586369797,70,-8.93,125.41,60.91,0.78
Haines Junction,100,CA,1586370052,86,60.75,-137.51,21.97,2.71
Tuatapere,100,NZ,1586369829,90,-46.13,167.68,48.99,11.99
Saskylakh,86,RU,1586369825,97,71.92,114.08,17.38,4.21
Cape Town,96,ZA,1586369999,72,-33.93,18.42,64.99,10.29
Šibenik,0,HR,1586369870,26,43.73,15.91,59.0,10.29
Ilulissat,20,GL,1586369835,49,69.22,-51.1,23.0,3.36
Klaksvík,21,FO,1586369796,65,62.23,-6.59,41.0,13.87
Samarai,26,PG,1586369871,82,-10.62,150.67,79.41,7.61
Kyren,5,RU,1586370159,54,51.68,102.14,35.47,5.32
Nabire,100,ID,1586370159,88,-3.37,135.48,76.77,0.6
Tamiahua,81,MX,1586370160,80,21.27,-97.45,82.49,7.38
Albany,90,US,1586369678,50,42.6,-73.97,57.0,6.93
Nanortalik,99,GL,1586369793,79,60.14,-45.24,35.28,15.28
Torbay,75,CA,1586369852,47,47.67,-52.73,37.0,13.87
Horta,40,PT,1586370047,77,38.53,-28.63,66.2,14.99
Arraial do Cabo,90,BR,1586369845,78,-22.97,-42.03,75.2,13.87
Province of Vibo Valentia,20,IT,1586370161,76,38.7,16.13,60.01,2.24
Porbandar,0,IN,1586370161,85,21.64,69.61,77.54,13.42
Makkah al Mukarramah,99,SA,1586370134,36,21.43,39.83,82.47,2.15
Akureyri,39,IS,1586370162,55,65.68,-18.09,33.8,2.24
Thompson,75,CA,1586369798,63,55.74,-97.86,30.2,10.29
Cherskiy,98,RU,1586369906,89,68.75,161.3,-2.06,15.05
Rawson,0,AR,1586369888,20,-43.3,-65.1,74.7,20.47
Kavieng,54,PG,1586369821,75,-2.57,150.8,82.99,5.68
Solano,20,US,1586370163,72,38.23,-121.95,64.0,6.93
Hualmay,26,PE,1586369848,61,-11.1,-77.61,79.54,11.97
East London,100,ZA,1586369650,63,-33.02,27.91,66.29,11.12
Banagher,37,IE,1586370164,72,53.19,-7.99,60.01,1.99
Vestmannaeyjar,0,IS,1586369747,64,63.44,-20.27,39.2,8.05
Paamiut,67,GL,1586369894,82,61.99,-49.67,34.57,3.62
Hobart,0,AU,1586369806,87,-42.88,147.33,43.0,9.17
Carnarvon,7,AU,1586369835,83,-24.87,113.63,75.2,6.93
Sitka,90,US,1586369863,93,57.05,-135.33,37.4,21.92
Bluff,100,NZ,1586369694,90,-46.6,168.33,48.99,11.99
Kapaa,75,US,1586369766,88,22.08,-159.32,73.4,5.82
Pevek,89,RU,1586369845,91,69.7,170.31,-9.4,3.67
Hofn,75,IS,1586369940,55,64.25,-15.21,37.4,11.41
Iquitos,75,PE,1586370166,100,-3.75,-73.25,42.8,3.36
Urusha,0,RU,1586370166,90,54.05,122.9,20.73,3.2
Tiksi,42,RU,1586369835,90,71.69,128.87,1.9,4.81
New Norfolk,0,AU,1586369775,87,-42.78,147.06,43.0,9.17
Palamós,20,ES,1586369897,58,41.85,3.13,60.01,8.05
Hithadhoo,79,MV,1586369785,67,-0.6,73.08,85.57,8.61
Atuona,0,PF,1586370107,77,-9.8,-139.03,82.62,15.39
Puerto Ayora,20,EC,1586369787,70,-0.74,-90.35,86.0,9.17
Aberdeen,90,GB,1586369897,87,57.14,-2.1,45.0,11.41
Saint-Augustin,100,CA,1586369809,94,51.23,-58.65,26.17,10.96
Dwārka,0,IN,1586370169,88,22.24,68.97,77.85,12.93
Qaanaaq,100,GL,1586369707,85,77.48,-69.36,16.74,8.79
Shchors,48,UA,1586370170,69,51.82,31.95,46.58,7.02
Vaini,90,TO,1586369687,100,-21.2,-175.2,78.8,46.08
Wanning,53,CN,1586369924,89,18.8,110.4,75.51,8.63
Kralendijk,100,BQ,1586370171,62,12.15,-68.27,87.8,19.46
Hilo,90,US,1586369682,78,19.73,-155.09,73.4,2.53
Khatanga,100,RU,1586369812,96,71.97,102.5,23.05,9.98
Cardston,75,CA,1586370172,32,49.2,-113.3,37.4,3.36
Yellowknife,5,CA,1586369714,57,62.46,-114.35,23.0,11.41
Port Blair,35,IN,1586369896,73,11.67,92.75,82.4,6.31
Xining,60,CN,1586369928,21,36.62,101.77,41.94,1.48
Saint George,1,US,1586369867,18,37.1,-113.58,68.0,4.7
Kon Tum,93,VN,1586370015,78,14.35,108.0,69.64,2.06
Sungai Penuh,100,ID,1586370173,71,-2.08,101.38,66.04,1.34
Bambous Virieux,40,MU,1586369940,78,-20.34,57.76,80.6,10.29
Rabo de Peixe,20,PT,1586370174,82,37.8,-25.58,64.4,14.99
Port Shepstone,47,ZA,1586369862,72,-30.74,30.45,65.75,6.24
Tasiilaq,20,GL,1586369774,74,65.61,-37.64,28.4,16.11
Pakxan,5,LA,1586370174,72,18.38,103.66,75.65,3.31
São Filipe,0,CV,1586369910,58,14.9,-24.5,79.0,15.39
Barrow,1,US,1586369730,83,71.29,-156.79,-11.2,5.82
Geraldton,0,AU,1586369864,93,-28.77,114.6,64.4,5.82
San Carlos del Zulia,97,VE,1586370175,55,9.0,-71.91,93.33,2.73
Dikson,47,RU,1586369791,96,73.51,80.55,9.61,14.07
Poum,21,NC,1586369778,77,-20.23,164.02,78.94,15.97
Zhaotong,100,CN,1586370176,45,27.32,103.72,47.14,1.9
Hong Kong,20,HK,1586369799,64,22.29,114.16,69.8,9.17
Dinguiraye,0,GN,1586370176,8,11.3,-10.72,101.86,3.67
Seoul,1,KR,1586369864,42,37.57,126.98,46.4,3.36
Kumul,0,CN,1586369918,19,42.8,93.45,63.59,8.97
Santa Marta,40,CO,1586370177,56,11.24,-74.2,99.0,2.24
Ketchikan,90,US,1586369995,90,55.34,-131.65,39.2,23.04
Kruisfontein,99,ZA,1586369819,69,-34.0,24.73,60.1,14.61
Faanui,70,PF,1586369841,75,-16.48,-151.75,82.49,14.34
Jamestown,20,US,1586369786,66,42.1,-79.24,63.0,12.75
Tezu,36,IN,1586370178,30,27.92,96.17,73.49,2.51
Mar del Plata,20,AR,1586369759,62,-38.0,-57.56,62.01,11.41
Brusyliv,0,UA,1586370127,30,50.28,29.53,57.2,6.71
Alofi,96,NU,1586369707,88,-19.06,-169.92,80.6,9.17
Clyde River,5,CA,1586369908,66,70.47,-68.59,14.0,4.7
Fortuna,20,US,1586369778,76,40.6,-124.16,64.0,6.98
Steinbach am Taunus,0,DE,1586370180,30,50.17,8.57,70.0,4.7
Kenai,1,US,1586369823,42,60.55,-151.26,30.0,9.17
Vaxjo,99,SE,1586369914,37,56.88,14.81,53.6,6.93
George Town,40,MY,1586369831,83,5.41,100.34,86.0,4.7
Mukhen,100,RU,1586370180,81,48.1,136.1,34.88,4.27
Mugan,68,CN,1586370181,20,35.94,101.38,41.34,5.06
Nieuw Amsterdam,75,SR,1586370181,70,5.88,-55.08,87.8,9.17
Tabou,30,CI,1586369829,75,4.42,-7.35,83.64,7.58
Ikom,52,NG,1586370182,65,5.97,8.71,85.46,4.09
Bethel,90,US,1586369790,76,41.37,-73.41,57.99,6.93
Mehamn,90,NO,1586370029,94,71.04,27.85,33.8,8.05
Norman Wells,20,CA,1586369486,52,65.28,-126.83,17.6,8.05
Palana,0,RU,1586370183,82,59.12,159.97,5.61,2.8
Portland,40,US,1586369959,62,45.52,-122.68,57.99,8.05
Constitución,3,CL,1586369841,48,-35.33,-72.42,65.97,5.75
Warrnambool,1,AU,1586369817,94,-38.38,142.48,50.0,10.0
Swan Hill,47,AU,1586370184,79,-35.34,143.55,57.74,9.06
Medicine Hat,20,CA,1586370150,38,50.05,-110.67,41.0,19.46
Iqaluit,5,CA,1586369933,66,63.75,-68.51,12.2,2.24
Mount Isa,96,AU,1586370019,29,-20.73,139.5,75.2,11.41
Son La,69,VN,1586370185,73,21.32,103.9,64.18,2.15
Nago,40,JP,1586370185,87,26.59,127.98,66.2,4.7
Binga,22,ZW,1586370185,61,-17.62,27.34,74.23,7.45
Provideniya,63,RU,1586369526,91,64.38,-173.3,3.18,4.9
Innisfail,23,AU,1586370087,85,-17.53,146.03,70.72,4.07
Esperance,37,AU,1586369826,68,-33.87,121.9,64.4,14.99
Nikolskoye,40,RU,1586369789,33,59.7,30.79,46.4,2.24
Quatre Cocos,40,MU,1586369887,78,-20.21,57.76,80.6,10.29
Ayagoz,100,KZ,1586370187,66,47.97,80.44,40.08,7.87
Domoni,34,KM,1586370188,71,-12.26,44.53,83.59,10.07
Sopela,20,ES,1586370055,87,43.38,-2.98,68.0,8.05
Guhāgar,0,IN,1586370188,77,17.48,73.19,78.01,7.83
Labuhan,100,ID,1586370106,86,-6.88,112.21,77.34,4.76
Yacuiba,75,BO,1586370189,73,-22.04,-63.68,73.4,4.7
Hermanus,95,ZA,1586369772,76,-34.42,19.23,66.0,8.01
Vao,10,NC,1586369777,74,-22.67,167.48,74.53,14.2
Cabo San Lucas,90,MX,1586369642,44,22.89,-109.91,81.0,3.36
Avarua,40,CK,1586369791,88,-21.21,-159.78,80.6,18.34
Jalu,50,LY,1586369627,36,29.03,21.55,67.05,3.96
Port Alfred,97,ZA,1586369803,62,-33.59,26.89,65.68,13.27
Butaritari,100,KI,1586369707,79,3.07,172.79,83.5,14.97
Borogontsy,95,RU,1586370129,97,62.67,131.17,27.64,4.36
Port Macquarie,90,AU,1586369857,100,-31.43,152.92,63.0,4.7
Nichinan,15,JP,1586370191,54,31.6,131.37,55.45,4.43
Saint Paul Harbor,1,US,1586369790,59,57.79,-152.41,33.8,20.8
Sioux Lookout,90,CA,1586369946,70,50.1,-91.92,32.0,3.36
San Andrés,40,CO,1586370012,62,12.58,-81.7,89.6,12.75
Lodja,100,CD,1586370192,73,-3.48,23.43,71.69,2.15
Lahaina,20,US,1586370089,69,20.88,-156.68,77.0,5.82
Pacific Grove,90,US,1586370193,71,36.62,-121.92,59.0,9.17
Cidreira,32,BR,1586369782,62,-30.18,-50.21,66.6,17.72
Humberto de Campos,100,BR,1586370193,81,-2.6,-43.46,85.26,4.72
Talnakh,75,RU,1586369824,86,69.49,88.4,33.8,24.61
Souillac,40,MU,1586369884,78,-20.52,57.52,80.6,10.29
Calama,0,CL,1586370195,28,-22.47,-68.93,73.4,25.28
Tocache,100,PE,1586370195,72,-8.18,-76.51,74.7,0.94
Springbok,35,ZA,1586370195,21,-29.66,17.89,62.17,6.6
La Bañeza,97,ES,1586370196,59,42.3,-5.9,70.0,4.7
Vila Velha,90,BR,1586369917,88,-20.33,-40.29,75.2,14.99
Castleblayney,40,IE,1586370196,71,54.12,-6.73,57.2,6.93
Kaeo,43,NZ,1586369803,89,-35.1,173.78,57.0,9.17
Awjilah,66,LY,1586370034,36,29.11,21.29,67.69,4.81
San Juan,0,AR,1586370125,24,-31.54,-68.54,73.94,4.34
Langsa,100,ID,1586370198,89,4.47,97.97,76.1,2.46
Namatanai,87,PG,1586369819,77,-3.67,152.43,82.24,8.34
Zhangaözen,0,KZ,1586369839,58,43.3,52.8,41.85,7.83
Necochea,0,AR,1586370198,63,-38.55,-58.74,66.0,8.01
Bonthe,48,SL,1586370199,69,7.53,-12.51,86.02,10.04
Lakes Entrance,47,AU,1586369923,91,-37.88,147.98,46.0,7.47
Tupik,6,RU,1586370199,87,54.43,119.93,18.34,1.79
Tyrma,5,RU,1586370199,89,50.08,132.17,28.47,1.25
Itaituba,40,BR,1586370200,63,-4.28,-55.98,91.4,6.93
Dryden,90,CA,1586370200,62,49.78,-92.75,32.0,18.34
Baykit,94,RU,1586370171,81,61.67,96.37,39.24,5.03
Santa Rosa,20,PH,1586370119,74,14.31,121.11,82.0,2.24
Urengoy,96,RU,1586370201,97,65.97,78.37,25.93,20.47
Olafsvik,13,IS,1586370201,86,64.89,-23.71,33.06,3.4
Vila Franca do Campo,20,PT,1586369624,82,37.72,-25.43,64.4,14.99
Fairbanks,1,US,1586370071,77,64.84,-147.72,19.99,1.1
Sompeta,33,IN,1586370202,58,18.93,84.6,81.55,8.93
Sassandra,64,CI,1586370162,77,4.95,-6.08,83.57,9.35
Port Townsend,1,US,1586370203,71,48.12,-122.76,55.99,7.9
Ponta do Sol,20,PT,1586369547,68,32.67,-17.1,71.6,4.7
Shubarkuduk,95,KZ,1586370138,71,49.14,56.49,36.43,9.86
Ayan,0,RU,1586370204,91,56.45,138.17,31.24,10.85
Dingle,41,PH,1586369852,80,11.0,122.67,77.4,8.88
Mossamedes,0,AO,1586370051,57,-15.2,12.15,74.75,15.05
Puerto Colombia,40,CO,1586370184,62,10.99,-74.95,89.6,18.34
Mahébourg,40,MU,1586369796,78,-20.41,57.7,80.6,10.29
Şırnak,6,TR,1586370205,55,37.52,42.46,47.52,0.56
Upernavik,1,GL,1586369795,88,72.79,-56.15,17.62,3.56
Ghanzi,2,BW,1586369844,23,-21.57,21.78,75.24,6.33
Fort Myers Beach,1,US,1586370182,43,26.45,-81.95,91.4,9.17
Lüderitz,0,NA,1586369855,82,-26.65,15.16,60.8,9.17
Moerai,100,PF,1586370206,81,-22.43,-151.33,79.83,11.48
Fort Nelson,75,CA,1586369857,38,58.81,-122.7,26.6,2.24
Lata,40,PT,1586369920,82,40.16,-8.33,64.4,5.82
Barranca,24,PE,1586370207,62,-10.75,-77.77,79.29,12.41
Berezanka,0,UA,1586370208,51,46.85,31.39,50.52,8.25
Gambiran,100,ID,1586370208,84,-6.8,111.5,76.77,4.18
Esim,1,GH,1586370002,77,4.87,-2.24,83.8,9.51
Tautira,75,PF,1586369917,69,-17.73,-149.15,84.0,5.82
Harper,30,LR,1586369797,74,4.38,-7.72,83.84,6.87
Ribeira Grande,40,PT,1586369850,77,38.52,-28.7,66.2,14.99
Kaitangata,99,NZ,1586369811,72,-46.28,169.85,48.0,3.0
Zeya,0,RU,1586370059,92,53.75,127.27,24.93,4.34
Aykhal,92,RU,1586370064,43,66.0,111.5,35.6,11.18
Codrington,1,AU,1586369813,86,-38.27,141.97,55.87,11.3
Naze,0,JP,1586369928,87,28.37,129.48,55.4,4.7
Bathsheba,40,BB,1586369891,62,13.22,-59.52,86.0,16.11
Inírida,95,CO,1586370210,79,3.87,-67.92,86.07,0.51
Kailua,90,US,1586369895,69,21.4,-157.74,75.2,3.36
Tomatlán,0,MX,1586369917,21,19.93,-105.25,92.14,7.43
Aripuanã,66,BR,1586370211,71,-9.17,-60.63,87.17,1.9
Castro,16,BR,1586369804,29,-24.79,-50.01,73.94,4.61
Bud,1,US,1586369933,56,39.45,-86.18,80.01,4.83
Rosario,0,AR,1586370036,37,-32.95,-60.64,73.99,3.36
Maner,40,IN,1586370212,56,25.65,84.88,73.4,3.85
São Félix do Xingu,87,BR,1586370212,53,-6.64,-51.99,90.63,0.2
Durango,90,MX,1586370212,15,24.83,-104.83,74.55,6.2
Matara,46,LK,1586370213,88,5.95,80.54,77.65,4.7
Lonār,0,IN,1586370213,14,19.98,76.53,84.49,10.0
Ambunti,98,PG,1586370213,96,-4.24,142.84,73.26,0.69
Kahului,1,US,1586369890,78,20.89,-156.47,75.99,4.7
Chokurdakh,47,RU,1586369870,90,70.63,147.92,-13.5,6.04
Daru,87,PG,1586370109,85,-9.08,143.21,79.18,7.49
Ouésso,98,CG,1586370214,87,1.61,16.05,72.46,1.72
Caravelas,24,BR,1586369865,77,-17.71,-39.25,82.18,10.56
Saldanha,66,ZA,1586369796,28,-33.01,17.94,68.0,11.41
Lorengau,72,PG,1586369926,79,-2.02,147.27,81.12,4.45
Laguna,1,US,1586370015,76,38.42,-121.42,64.0,3.47
Assiut,0,EG,1586369946,37,27.18,31.18,69.8,11.41
Barentu,63,ER,1586370215,23,15.11,37.59,86.23,6.55
Huarmey,31,PE,1586370055,53,-10.07,-78.15,83.35,11.45
Andros Town,40,BS,1586370216,69,24.7,-77.77,80.6,4.7
Palagiano,0,IT,1586370216,54,40.58,17.04,62.01,6.78
Sāveh,100,IR,1586370197,47,35.02,50.36,47.86,10.45
Chui,96,UY,1586369805,63,-33.7,-53.46,63.28,14.23
Mońki,26,PL,1586370217,39,53.41,22.8,54.0,35.01
Balaipungut,100,ID,1586370217,95,1.05,101.28,74.98,2.28
Taoudenni,0,ML,1586369855,9,22.68,-3.98,94.55,10.49
Teya,100,RU,1586370218,78,60.38,92.63,35.76,10.09
Port Hardy,75,CA,1586369814,75,50.7,-127.42,41.0,4.7
Zlobin,0,HR,1586370059,15,45.29,14.65,68.0,9.17
Lebu,0,CL,1586369808,52,-37.62,-73.65,65.55,5.23
Malakal,55,SS,1586370218,27,9.53,31.66,91.96,3.49
Stephenville,1,US,1586370048,29,32.22,-98.2,91.0,13.87
North Bend,1,US,1586369926,87,43.41,-124.22,59.0,9.17
Digby,51,CA,1586370219,44,44.62,-65.77,46.99,5.99
Aleksandrov Gay,13,RU,1586370220,55,50.15,48.57,45.95,15.21
Ibiá,40,BR,1586370220,54,-19.48,-46.54,82.4,8.05
Ancud,0,CL,1586369807,35,-41.87,-73.82,73.4,4.7
Camacupa,10,AO,1586370220,57,-12.02,17.48,66.42,3.0
Leningradskiy,100,RU,1586369893,90,69.38,178.42,0.28,6.55
Alta Floresta,75,BR,1586369970,63,-9.88,-56.09,91.4,3.36
Hammerfest,90,NO,1586369677,94,70.66,23.68,37.4,5.82
Cap Malheureux,40,MU,1586370221,78,-19.98,57.61,80.6,10.29
Mabaruma,96,GY,1586370222,59,8.2,-59.78,84.49,5.75
Mbale,39,UG,1586370222,41,1.08,34.17,72.93,3.13
Padang,100,ID,1586369806,75,-0.95,100.35,78.46,2.84
Kapit,3,MY,1586370222,94,2.02,112.93,73.56,0.47
Bowen,4,AU,1586369836,94,-20.02,148.23,72.0,6.93
Shimoda,0,JP,1586370164,54,34.67,138.95,59.0,3.0
Kurtamysh,99,RU,1586370223,91,54.91,64.43,25.79,12.12
Dogondoutchi,98,NE,1586370149,15,13.64,4.03,96.8,2.37
Aksu,11,CN,1586369969,19,41.12,80.26,61.23,3.06
Sisimiut,0,GL,1586370224,89,66.94,-53.67,26.1,4.54
Achacachi,37,BO,1586370224,18,-16.05,-68.68,53.89,6.58
Avera,90,US,1586369903,78,33.19,-82.53,82.0,9.17
Vila,100,PT,1586370225,82,42.03,-8.16,63.0,2.24
Lompoc,1,US,1586370025,76,34.64,-120.46,57.0,3.36
Barra do Bugres,27,BR,1586370225,55,-15.07,-57.18,88.45,4.27
Mae Sai,30,TH,1586370225,69,20.43,99.88,73.99,2.24
Saint-Philippe,9,RE,1586369893,83,-21.36,55.77,78.8,5.82
Maniitsoq,97,GL,1586369939,86,65.42,-52.9,27.59,6.11
Qian’an,81,CN,1586370227,75,44.99,124.06,35.76,8.03
Pisco,8,PE,1586369807,30,-13.7,-76.22,75.99,6.93
Puerto Madero,5,MX,1586370227,39,14.72,-92.42,96.8,11.41
Wenatchee,1,US,1586370228,34,47.42,-120.31,57.99,3.36
Half Moon Bay,90,US,1586369811,93,37.46,-122.43,62.01,3.36
Bengkulu,97,ID,1586369934,81,-3.8,102.27,78.04,3.69
Udachny,96,RU,1586369876,43,66.42,112.4,35.6,11.18
Dejen,37,ET,1586369855,19,10.17,38.13,67.24,3.2
Terrace Bay,90,CA,1586370229,100,48.78,-87.1,35.6,4.7
Oranjemund,18,NA,1586369943,53,-28.55,16.43,63.73,4.83
Amargosa,100,BR,1586370229,53,-13.03,-39.6,85.68,2.62
Kodinsk,11,RU,1586370230,84,58.69,99.18,36.16,4.74
Camalú,43,MX,1586370230,58,30.85,-116.07,55.99,14.0
Oneida,90,US,1586370230,81,43.2,-75.47,51.01,9.17
College,75,US,1586369935,52,64.86,-147.8,15.8,1.1
Narodychi,7,UA,1586370231,59,51.2,29.08,48.94,5.41
Capão da Canoa,6,BR,1586370231,48,-29.75,-50.01,68.52,14.09
Longyearbyen,20,SJ,1586369847,64,78.22,15.64,-4.0,6.93
Erode,64,IN,1586370231,55,11.35,77.73,84.52,2.39
Buchanan,75,LR,1586370140,70,5.88,-10.05,89.6,12.75
Lagoa,26,PT,1586370026,84,39.05,-27.98,61.72,11.56
Erzin,20,TR,1586370232,67,36.96,36.2,62.01,9.17
Hay River,20,CA,1586370233,72,60.82,-115.8,15.8,8.05
Jizan,0,SA,1586370132,70,17.33,42.67,86.0,8.05
Asunción Nochixtlán,33,MX,1586370233,18,17.47,-97.23,79.03,4.14
Galesong,20,ID,1586370089,94,-5.32,119.37,75.2,4.7
Hastings,19,GB,1586370125,76,50.86,0.57,68.0,14.99
Antigonish,75,CA,1586370193,40,45.62,-62.0,39.0,5.82
América Dourada,85,BR,1586370234,41,-11.46,-41.44,87.57,6.13
Henties Bay,19,NA,1586370100,91,-22.12,14.28,60.01,4.0
Barreirinha,100,BR,1586369924,94,-2.79,-57.07,75.74,1.9
Kupang,95,ID,1586370235,76,-10.17,123.58,81.0,8.68
Russell,90,US,1586369869,74,32.35,-85.2,82.4,4.7
Gopālpur,45,IN,1586370235,66,19.27,84.92,80.78,10.04
Rondonópolis,12,BR,1586370236,50,-16.47,-54.64,89.44,4.99
Oskarshamn,100,SE,1586370236,50,57.26,16.45,54.0,8.05
Pio XII,100,BR,1586370236,73,-3.83,-45.15,87.8,0.69
Taywarah,100,AF,1586370237,29,33.35,64.42,44.83,4.09
Srednekolymsk,100,RU,1586369907,91,67.45,153.68,1.24,13.76
Río Gallegos,9,AR,1586369850,33,-51.62,-69.22,75.2,9.17
Batemans Bay,73,AU,1586370238,96,-35.72,150.18,57.99,5.26
Kendari,100,ID,1586370238,90,-3.94,122.5,73.02,3.02
Plettenberg Bay,96,ZA,1586369860,78,-34.05,23.37,61.03,11.97
Deputatsky,12,RU,1586370137,85,69.3,139.9,-4.7,4.74
Prainha,100,BR,1586370239,77,-1.8,-53.48,84.92,1.72
Cockburn Town,6,TC,1586369802,69,21.46,-71.14,77.02,9.71
Westminster,40,US,1586370049,17,39.84,-105.04,68.0,9.17
Carballo,100,ES,1586370240,93,43.21,-8.69,63.0,3.36
Hanstholm,57,DK,1586370240,85,57.12,8.62,48.99,13.94
Prince Rupert,90,CA,1586369719,52,54.32,-130.32,42.8,8.05
Oistins,40,BB,1586370089,62,13.07,-59.53,86.0,16.11
St. George's,40,GD,1586369920,66,12.06,-61.75,86.0,21.92
Chukhloma,85,RU,1586370241,87,58.75,42.68,34.2,6.73
Meulaboh,94,ID,1586370171,83,4.14,96.13,79.45,3.94
Bendigo,19,AU,1586370242,55,-36.77,144.28,54.0,1.01
Navrongo,77,GH,1586370242,16,10.9,-1.09,103.24,5.44
Port-Gentil,98,GA,1586369650,85,-0.72,8.78,79.29,13.0
Mildura,77,AU,1586370243,87,-34.2,142.15,53.6,6.93
Gushikawa,40,JP,1586370085,87,26.35,127.87,66.2,4.7
Paysandu,0,UY,1586370243,43,-32.32,-58.08,70.0,4.0
Muros,20,ES,1586370094,77,42.78,-9.06,63.0,5.82
Acapulco de Juárez,40,MX,1586369923,48,16.86,-99.89,86.0,5.82
Khandyga,85,RU,1586370244,97,62.67,135.6,24.78,3.8
Kalmunai,66,LK,1586370165,75,7.42,81.82,81.46,6.76
Ulaangom,93,MN,1586370244,75,49.98,92.07,27.16,1.45
Yingkou,0,CN,1586370245,64,40.66,122.23,41.02,8.72
Magelang,97,ID,1586370245,75,-7.47,110.22,73.6,1.41
Kabare,100,CD,1586370245,58,-2.47,28.82,63.27,2.04
Broken Hill,1,AU,1586369909,71,-31.95,141.43,50.0,7.47
Vysokogornyy,1,RU,1586370246,87,50.12,139.15,17.51,1.01
Mazamari,100,PE,1586370247,54,-11.33,-74.53,79.43,2.13
Hobyo,50,SO,1586369849,60,5.35,48.53,83.79,14.09
Havøysund,75,NO,1586369899,96,71.0,24.66,35.6,13.87
Santa Barbara,75,US,1586370209,71,34.42,-119.7,57.2,5.82
São João da Barra,90,BR,1586370127,83,-21.64,-41.05,77.0,9.17
Nhulunbuy,40,AU,1586370249,88,-12.23,136.77,77.0,5.82
Yelan',61,RU,1586370249,60,50.95,43.74,48.43,8.61
Mungaoli,74,IN,1586370249,29,24.42,78.1,77.07,3.33
La Serena,90,CL,1586370250,77,-29.91,-71.25,64.4,6.93
Illela,81,NG,1586370037,12,13.73,5.3,96.28,3.51
Luanda,40,AO,1586370201,78,-8.84,13.23,82.4,16.11
Conakry,1,GN,1586370251,66,9.54,-13.68,87.8,9.17
Kaitong,54,CN,1586370173,74,44.81,123.15,35.74,7.87
Muroto-misakicho,12,JP,1586369946,55,33.28,134.15,53.91,7.85
Garhi Khairo,2,PK,1586370252,21,28.06,67.98,83.41,4.85
Sorong,3,ID,1586369938,87,-0.88,131.25,77.13,3.44
Stornoway,16,GB,1586369848,52,58.21,-6.39,46.99,5.82
Dali,82,CN,1586370253,35,25.7,100.18,49.86,3.33
Guadix,86,ES,1586370254,49,37.3,-3.14,69.8,14.99
Serchhīp,76,IN,1586370254,48,23.3,92.83,63.03,2.55
Along,67,IN,1586369943,53,28.17,94.77,65.41,4.88
Ostrovnoy,99,RU,1586370013,85,68.05,39.51,35.82,16.78
Chirongui,20,YT,1586370255,79,-12.93,45.15,84.2,11.41
Ouadda,72,CF,1586370256,41,8.08,22.4,79.81,2.04
Grand-Lahou,44,CI,1586370256,80,5.14,-5.02,83.89,11.32
Peace River,20,CA,1586370257,58,56.25,-117.29,26.6,6.93
Celestún,27,MX,1586370257,51,20.87,-90.4,86.76,6.42
Makakilo City,75,US,1586369904,83,21.35,-158.09,75.2,3.36
Nkhata Bay,94,MW,1586370258,64,-11.61,34.29,77.13,5.14
Tilichiki,0,RU,1586370019,90,60.47,166.1,1.11,4.94
Isangel,16,VU,1586369817,77,-19.55,169.27,76.69,17.29
Ugoofaaru,43,MV,1586370258,73,5.67,73.0,85.32,9.06
Vardø,75,NO,1586370058,96,70.37,31.11,37.4,5.82
Touros,40,BR,1586369791,66,-5.2,-35.46,87.8,11.41
Comodoro Rivadavia,0,AR,1586370079,26,-45.87,-67.5,80.6,10.29
La Libertad,24,EC,1586369822,74,-2.23,-80.9,82.4,10.29
Faya,0,SA,1586369821,46,18.39,42.45,71.6,8.05
São Gabriel da Cachoeira,75,BR,1586370260,79,-0.13,-67.09,84.2,3.36
Bosaso,70,SO,1586370260,64,11.28,49.18,83.61,3.62
Mitsamiouli,33,KM,1586370260,70,-11.38,43.28,84.2,9.22
Tshane,0,BW,1586370260,19,-24.02,21.87,74.79,6.44
Novikovo,56,RU,1586369854,69,51.15,37.89,46.78,9.28
Mount Gambier,8,AU,1586370115,100,-37.83,140.77,48.2,5.82
Rodolfo Sánchez Taboada,73,MX,1586369943,83,31.72,-116.57,55.99,5.01
La Ronge,75,CA,1586369799,62,55.1,-105.28,21.2,17.22
Øksfjord,75,NO,1586370106,93,70.24,22.35,37.4,11.41
Praia,0,CV,1586370262,39,14.92,-23.51,84.2,23.04
Katsuura,0,JP,1586370116,76,35.13,140.3,60.01,8.05
Redlands,90,US,1586370262,81,34.06,-117.18,59.0,5.82
Viedma,0,AR,1586369999,20,-40.81,-63.0,71.94,13.11
Sunnyside,1,US,1586370263,33,46.32,-120.01,61.0,3.36
Longonjo,29,AO,1586370263,52,-12.91,15.25,67.19,1.03
Zaoyang,44,CN,1586370263,55,32.13,112.75,58.62,7.4
Lavrentiya,5,RU,1586369817,88,65.58,-171.0,1.98,6.93
Marzuq,0,YE,1586370264,25,14.4,46.47,76.26,7.38
Albertville,90,US,1586370264,78,34.27,-86.21,78.8,5.82
Huilong,90,CN,1586369879,66,31.81,121.66,64.0,1.99
Marsá Maţrūḩ,40,EG,1586370111,67,31.35,27.25,60.8,10.29
Darnah,39,LY,1586369973,68,32.77,22.64,56.26,21.74
Arrondissement de Mende,0,FR,1586370265,39,44.67,3.5,60.8,6.93
Havre-St-Pierre,1,CA,1586369833,58,50.23,-63.6,30.2,14.99
Mandiana,38,GN,1586370265,18,10.63,-8.68,99.95,1.36
Yangi Marg`ilon,90,UZ,1586369792,80,40.43,71.72,41.0,18.34
Slănic-Moldova,0,RO,1586370266,27,46.2,26.43,54.0,4.7
Mackay,40,AU,1586369562,88,-21.15,149.2,72.0,4.7
Bako,71,ET,1586370266,44,5.78,36.57,70.5,6.13
Wahiawā,75,US,1586370267,88,21.5,-158.02,75.2,2.1
Seddon,4,AU,1586370267,93,-37.81,144.89,57.2,6.93
Bandarbeyla,0,SO,1586370101,63,9.49,50.81,81.21,9.84
Ulladulla,40,AU,1586369915,93,-35.35,150.47,59.0,8.05
Alugan,3,PH,1586370268,83,12.22,125.48,79.81,9.31
Norfolk,90,US,1586370268,62,42.17,-71.25,55.99,10.29
Taksimo,3,RU,1586370268,82,56.34,114.88,27.27,1.34
Ishurdi,7,BD,1586370079,27,24.13,89.08,82.76,7.76
Malanje,1,AO,1586369986,64,-9.54,16.34,68.63,0.87
Cotonou,20,BJ,1586370270,74,6.37,2.42,87.8,16.11
Waingapu,73,ID,1586369793,77,-9.66,120.26,79.0,2.08
Camacha,40,PT,1586369820,77,33.08,-16.33,71.6,10.29
Catalina,40,US,1586370271,23,32.51,-110.92,80.01,12.75
Nizhniy Kuranakh,61,RU,1586370271,88,58.84,125.49,24.17,4.43
Anadyr,75,RU,1586369878,77,64.75,177.48,6.8,6.71
Kalmar,89,SE,1586370271,50,56.66,16.36,54.0,8.05
Arrondissement de Lisieux,48,FR,1586370271,56,49.17,0.17,68.0,5.82
Elko,1,US,1586369914,44,41.0,-115.5,60.01,12.75
Lucapa,51,AO,1586370272,68,-8.42,20.74,70.88,1.63
Chilmāri,2,BD,1586370272,28,25.56,89.67,78.57,11.41
Lindi,26,TZ,1586370273,82,-10.0,39.72,79.57,6.17
Khani,0,GE,1586370273,45,41.96,42.96,48.2,31.09
Shakhtinsk,84,KZ,1586370040,68,49.71,72.59,30.2,2.24
Bambanglipuro,100,ID,1586369828,78,-7.95,110.28,79.9,3.22
Jiwani,0,PK,1586370274,71,25.05,61.74,78.49,9.78
Praia,0,CV,1586369826,39,14.92,-23.51,84.2,23.04
Lodwar,22,KE,1586370274,35,3.12,35.6,90.09,23.33
Kenitra,100,MA,1586369979,76,34.26,-6.58,64.99,1.99
Omsukchan,98,RU,1586370009,80,62.53,155.8,12.94,3.02
Alice Springs,40,AU,1586369832,48,-23.7,133.88,64.4,4.7
Hasaki,20,JP,1586369812,87,35.73,140.83,51.8,6.93
Gafanha da Encarnação,40,PT,1586370276,93,40.62,-8.73,63.0,3.36
Igarka,100,RU,1586370276,94,67.47,86.58,31.91,16.78
Mainit,6,PH,1586370276,80,9.54,125.52,77.86,5.26
Moose Factory,1,CA,1586370277,63,51.26,-80.61,28.4,16.11
Kautokeino,76,NO,1586370277,90,69.01,23.04,28.54,23.42
Ko Samui,4,TH,1586370277,72,9.54,99.94,84.31,8.16
Waterfoot,33,GB,1586370278,52,53.69,-2.25,66.99,3.36
Shakawe,37,BW,1586370279,31,-18.37,21.85,74.79,2.1
Salalah,0,OM,1586369760,83,17.02,54.09,80.6,5.82
Tongzi,66,CN,1586370038,66,28.78,105.09,62.19,3.44
Nemuro,0,JP,1586370061,94,43.32,145.57,32.52,9.64
Tual,85,ID,1586370178,72,-5.67,132.75,83.62,5.91
Mehndāwal,44,IN,1586370280,31,26.98,83.11,78.98,9.86
Severo-Kuril'sk,99,RU,1586369789,96,50.68,156.12,30.15,3.47
Pangnirtung,20,CA,1586369911,67,66.15,-65.71,19.4,1.81
Ponta Delgada,20,PT,1586370170,82,37.73,-25.67,64.4,14.99
Drovyanaya,0,RU,1586370111,53,51.58,113.03,21.2,2.24
Buraidah,40,SA,1586369817,45,26.33,43.98,84.2,9.17
Nikol'sk,38,RU,1586370281,75,53.72,46.07,42.78,6.96
South Venice,1,US,1586370282,78,27.05,-82.42,88.0,10.29
Pleasanton,1,US,1586370208,67,37.66,-121.87,63.0,2.13
Te Anau,100,NZ,1586369870,73,-45.42,167.72,43.93,3.42
Siavonga,44,ZM,1586370282,54,-16.54,28.71,79.84,3.89
Beringovskiy,0,RU,1586370089,87,63.05,179.32,7.52,4.21
Shamkhal,0,RU,1586370283,60,43.06,47.34,42.8,22.37
Liverpool,31,GB,1586370283,55,53.41,-2.98,64.99,11.41
Kastamonu Province,0,TR,1586370112,51,41.5,33.67,38.64,3.98
Straumen,40,NO,1586370284,83,63.87,11.3,39.2,23.04
Imeni Poliny Osipenko,0,RU,1586370284,94,52.42,136.49,25.02,1.01
Tahoua,99,NE,1586370284,8,14.89,5.27,105.8,2.24
Bemidji,40,US,1586370285,42,47.47,-94.88,48.2,24.16
Berlevåg,90,NO,1586369827,91,70.86,29.09,33.8,4.7
Dunedin,90,NZ,1586369704,72,-45.87,170.5,50.0,1.99
Kieta,27,PG,1586369883,79,-6.22,155.63,79.65,2.48
Narsaq,75,GL,1586369792,20,60.92,-46.05,44.6,4.7
Bubaque,0,GW,1586370047,71,11.28,-15.83,79.79,15.26
Kuching,20,MY,1586370286,94,1.55,110.33,78.8,0.92
Sokolo,0,ML,1586370286,7,14.73,-6.12,102.04,8.05
Tungor,0,RU,1586370286,97,53.38,142.96,19.71,10.65
Bloomfield,75,US,1586370286,59,40.81,-74.19,68.0,5.82
Manakara,4,MG,1586370287,89,-22.13,48.02,75.69,7.29
Pitsunda,0,GE,1586370287,81,43.16,40.34,48.2,4.47
Barabash,75,RU,1586370287,83,43.2,131.48,33.8,6.71
Tsimmerbude,54,RU,1586370287,62,54.67,20.13,51.8,4.47
Ondjiva,27,AO,1586370288,39,-17.07,15.73,75.34,5.17
Stykkisholmur,33,IS,1586370288,91,65.08,-22.73,31.44,2.3
Coruripe,22,BR,1586370288,61,-10.13,-36.18,85.01,9.89
San Pancrazio Salentino,0,IT,1586370289,76,40.42,17.83,62.6,8.05
Aljezur,99,PT,1586369892,80,37.32,-8.8,64.0,3.6
Hambantota,63,LK,1586369937,76,6.12,81.12,81.82,6.29
Mattru,65,SL,1586370290,61,7.62,-11.83,87.93,7.25
Yong’an,90,CN,1586370290,43,39.7,113.69,38.57,7.27
San Policarpo,2,PH,1586370290,83,12.18,125.51,80.04,9.22
‘Āhuimanu,90,US,1586369897,69,21.44,-157.84,75.2,3.36
Kununurra,82,AU,1586369880,61,-15.77,128.73,77.0,11.41
Bernal,59,PE,1586370291,55,-5.45,-80.75,82.58,7.25
Abu Samrah,14,SY,1586370146,57,35.3,37.18,56.75,11.16
Amānganj,57,IN,1586370291,28,24.43,80.03,79.52,3.98
Hamilton,75,US,1586369710,53,39.18,-84.53,77.0,11.41
Okmulgee,1,US,1586370292,35,35.62,-95.96,87.8,9.17
Asău,0,RO,1586369938,27,46.43,26.4,54.0,4.7
Iskateley,95,RU,1586370292,98,67.68,53.15,24.37,10.67
Palmerston,90,AU,1586370293,83,-12.49,130.98,82.4,4.7
Luganville,26,VU,1586370293,86,-15.53,167.17,76.5,1.61
Guerrero Negro,41,MX,1586369671,51,27.98,-114.06,67.15,8.23
Mayskiy,0,RU,1586370293,19,47.69,40.1,48.0,6.71
Mariehamn,100,AX,1586370294,61,60.1,19.93,46.4,13.87
Mahon,2,ES,1586369787,63,39.89,4.27,60.8,5.82
Pemangkat,64,ID,1586369913,85,1.17,108.97,77.52,7.49
Xai-Xai,72,MZ,1586370294,72,-25.05,33.64,72.37,11.48
Prince George,1,CA,1586370025,58,53.92,-122.75,28.4,5.82
Hue,83,VN,1586370019,93,16.47,107.6,71.24,4.0
Inuvik,5,CA,1586370295,51,68.35,-133.72,14.0,9.17
Ramsar,90,IR,1586369933,93,36.92,50.64,44.6,6.93
Honiara,20,SB,1586370296,94,-9.43,159.95,75.2,3.09
Dublin,1,US,1586370262,67,37.7,-121.94,64.0,1.92
Ubari,1,LY,1586370296,22,26.59,12.78,69.8,10.36
Maceió,20,BR,1586369952,66,-9.67,-35.74,86.0,8.05
Nishihara,40,JP,1586369958,68,26.18,127.76,66.2,5.82
Atherton,43,GB,1586370297,52,53.52,-2.49,64.99,3.36
Qasigiannguit,20,GL,1586369915,49,68.82,-51.19,23.0,3.36
Brae,9,GB,1586369814,70,60.4,-1.35,44.6,13.87
Itarema,81,BR,1586369842,74,-2.92,-39.92,85.53,12.21
Ixtapa,40,MX,1586369875,45,20.7,-105.2,87.01,3.36
Kulhudhuffushi,24,MV,1586370298,69,6.62,73.07,85.42,6.8
Atasū,92,KZ,1586370299,65,48.68,71.64,32.97,5.66
Saint-Joseph,13,RE,1586369839,83,-21.37,55.62,78.8,5.82
Sukhodol,100,RU,1586370299,89,53.9,51.21,38.55,6.73
Martapura,84,ID,1586370300,91,-3.42,114.85,75.83,4.07
Kathu,20,TH,1586369882,83,7.92,98.33,82.4,3.36
Bataysk,0,RU,1586370300,19,47.14,39.75,48.0,6.71
Saint-Michel-des-Saints,82,CA,1586370301,65,46.68,-73.92,37.65,3.22
Pangody,100,RU,1586370301,96,65.85,74.49,23.88,18.23
La Santisima Trinidad,20,BO,1586370100,66,-14.83,-64.9,84.2,9.17
Aklavik,20,CA,1586369500,65,68.22,-135.01,14.0,4.7
